runtime,batch_size,mean_latency_ms,median_latency_ms,p95_latency_ms,throughput_img_per_sec,model_size_mb
PyTorch,1,184.58145000273362,182.04124996555038,206.71032499230932,5.417662500674852,327.3671655654907
ONNXRuntime,1,138.6628100008238,134.3775500135962,161.3866850326303,7.211739037987611,0.09168243408203125
