{
  "checkpoint": "checkpoints/best_model.pt",
  "onnx_path": "outputs/vit_indoorcvpr.onnx",
  "warmup": 10,
  "repeat": 50,
  "batch_sizes": [
    1
  ],
  "rows": [
    {
      "runtime": "PyTorch",
      "batch_size": 1,
      "mean_latency_ms": 184.58145000273362,
      "median_latency_ms": 182.04124996555038,
      "p95_latency_ms": 206.71032499230932,
      "throughput_img_per_sec": 5.417662500674852,
      "model_size_mb": 327.3671655654907
    },
    {
      "runtime": "ONNXRuntime",
      "batch_size": 1,
      "mean_latency_ms": 138.6628100008238,
      "median_latency_ms": 134.3775500135962,
      "p95_latency_ms": 161.3866850326303,
      "throughput_img_per_sec": 7.211739037987611,
      "model_size_mb": 0.09168243408203125
    }
  ]
}